"","people_id","name","session","party_id","party","role_id","role","district","NBillsCosponsored","NBillsPrimary","MeanPos","MedianPos","GOP","DEM","IND","Female","LittleLeader","BigLeader"
"WPSA.L.79.1",8466,"Heidi Gansert",79,2,"R",2,"Sen","SD-015",55,11,8.72727272727273,5,1,0,0,1,1,0
"WPSA.L.80.1",8466,"Heidi Gansert",80,2,"R",2,"Sen","SD-015",1,0,NA,NA,1,0,0,1,1,1
"WPSA.L.81.1",8466,"Heidi Gansert",81,2,"R",2,"Sen","SD-015",60,15,9.1,7,1,0,0,1,1,1
"WPSA.L.82.1",8466,"Heidi Gansert",82,2,"R",2,"Sen","SD-015",76,22,6.02631578947368,3,1,0,0,1,0,0
"WPSA.L.77.1",8467,"Tom Grady",77,2,"R",1,"Rep","HD-038",107,4,9.24299065420561,7,1,0,0,0,1,1
"WPSA.L.77.2",8468,"John Hambrick",77,2,"R",1,"Rep","HD-002",101,9,9.08910891089109,6,1,0,0,0,0,0
"WPSA.L.78.1",8468,"John Hambrick",78,2,"R",1,"Rep","HD-002",49,14,7.6530612244898,6,1,0,0,0,1,1
"WPSA.L.79.2",8468,"John Hambrick",79,2,"R",1,"Rep","HD-002",33,6,12.3030303030303,7,1,0,0,0,0,0
"WPSA.L.80.2",8468,"John Hambrick",80,2,"R",1,"Rep","HD-002",14,3,10.7857142857143,9.5,1,0,0,0,0,0
"WPSA.L.77.3",8469,"Joseph Hardy",77,2,"R",2,"Sen","SD-012",114,23,8.04385964912281,4,1,0,0,0,1,1
"WPSA.L.78.2",8469,"Joseph Hardy",78,2,"R",2,"Sen","SD-012",59,20,3.10169491525424,2,1,0,0,0,1,1
"WPSA.L.79.3",8469,"Joseph Hardy",79,2,"R",2,"Sen","SD-012",59,18,5.16949152542373,4,1,0,0,0,0,0
"WPSA.L.80.3",8469,"Joseph Hardy",80,2,"R",2,"Sen","SD-012",78,32,5.11538461538461,2,1,0,0,0,1,0
"WPSA.L.81.2",8469,"Joseph Hardy",81,2,"R",2,"Sen","SD-012",90,20,4.5,3,1,0,0,0,1,0
"WPSA.L.82.2",8469,"Joseph Hardy",82,2,"R",2,"Sen","SD-012",1,0,4,4,1,0,0,0,0,0
"WPSA.L.77.4",8470,"James Settelmeyer",77,2,"R",2,"Sen","SD-017",103,22,12.3495145631068,8,1,0,0,0,0,0
"WPSA.L.78.3",8470,"James Settelmeyer",78,2,"R",2,"Sen","SD-017",78,18,9.62820512820513,5.5,1,0,0,0,1,1
"WPSA.L.79.4",8470,"James Settelmeyer",79,2,"R",2,"Sen","SD-017",67,20,9.74626865671642,5,1,0,0,0,1,1
"WPSA.L.80.4",8470,"James Settelmeyer",80,2,"R",2,"Sen","SD-017",83,29,6.02409638554217,2,1,0,0,0,1,1
"WPSA.L.81.3",8470,"James Settelmeyer",81,2,"R",2,"Sen","SD-017",79,25,5.08860759493671,2,1,0,0,0,1,1
"WPSA.L.77.5",8471,"Melissa Woodbury",77,2,"R",1,"Rep","HD-023",54,3,21.7037037037037,16,1,0,0,1,0,0
"WPSA.L.78.4",8471,"Melissa Woodbury",78,2,"R",1,"Rep","HD-023",30,5,17.0333333333333,15,1,0,0,1,0,0
"WPSA.L.79.5",8471,"Melissa Woodbury",79,2,"R",1,"Rep","HD-023",20,5,25.45,14.5,1,0,0,1,1,1
"WPSA.L.77.6",8472,"Lynn Stewart",77,2,"R",1,"Rep","HD-022",112,12,14.7142857142857,11.5,1,0,0,0,1,1
"WPSA.L.78.5",8472,"Lynn Stewart",78,2,"R",1,"Rep","HD-022",55,9,13.8,11,1,0,0,0,0,0
"WPSA.L.79.6",8472,"Lynn Stewart",79,2,"R",1,"Rep","HD-022",1,0,5,5,1,0,0,0,0,0
"WPSA.L.77.7",8474,"Mark Manendo",77,1,"D",2,"Sen","SD-021",90,12,12.4888888888889,9,0,1,0,0,0,0
"WPSA.L.78.6",8474,"Mark Manendo",78,1,"D",2,"Sen","SD-021",105,11,9.86666666666667,7,0,1,0,0,0,0
"WPSA.L.79.7",8474,"Mark Manendo",79,1,"D",2,"Sen","SD-021",123,13,9.26829268292683,7,0,1,0,0,0,0
"WPSA.L.80.5",8474,"Mark Manendo",80,1,"D",2,"Sen","SD-021",3,0,9.33333333333333,8,0,1,0,0,0,0
"WPSA.L.77.8",8488,"Sheila Leslie",77,1,"D",2,"Sen","SD-001",2,1,3.5,3.5,0,1,0,1,0,0
"WPSA.L.77.9",8490,"John Oceguera",77,1,"D",1,"Rep","HD-016",2,0,8.5,8.5,0,1,0,0,0,0
"WPSA.L.77.10",8491,"Joseph Hogan",77,1,"D",1,"Rep","HD-010",55,3,14.5272727272727,9,0,1,0,0,0,0
"WPSA.L.78.7",8491,"Joseph Hogan",78,1,"D",1,"Rep","HD-010",1,0,15,15,0,1,0,0,0,0
"WPSA.L.79.8",8493,"Richard McArthur",79,2,"R",1,"Rep","HD-004",17,3,20.2352941176471,13,1,0,0,0,0,0
"WPSA.L.81.4",8493,"Richard McArthur",81,2,"R",1,"Rep","HD-004",40,3,12.65,10.5,1,0,0,0,0,0
"WPSA.L.82.3",8493,"Richard McArthur",82,2,"R",1,"Rep","HD-004",23,3,11.4347826086957,11,1,0,0,0,0,0
"WPSA.L.77.11",8494,"Marcus Conklin",77,1,"D",1,"Rep","HD-037",3,0,5.33333333333333,5,0,1,0,0,0,0
"WPSA.L.77.12",8496,"Marilyn Dondero Loop",77,1,"D",1,"Rep","SD-008",55,7,10.1090909090909,8,0,1,0,1,0,0
"WPSA.L.80.6",8496,"Marilyn Dondero Loop",80,1,"D",2,"Sen","SD-008",1,0,NA,NA,0,1,0,1,0,0
"WPSA.L.81.5",8496,"Marilyn Dondero Loop",81,1,"D",2,"Sen","SD-008",34,14,5.41176470588235,2.5,0,1,0,1,1,1
"WPSA.L.82.4",8496,"Marilyn Dondero Loop",82,1,"D",2,"Sen","SD-008",65,15,5.58461538461538,5,0,1,0,1,0,0
"WPSA.L.77.13",8497,"William Horne",77,1,"D",1,"Rep","HD-034",60,11,12.9333333333333,7,0,1,0,0,1,1
"WPSA.L.77.14",8498,"Marilyn Kirkpatrick",77,1,"D",1,"Rep","HD-001",105,16,8.87619047619048,5,0,1,0,1,1,1
"WPSA.L.78.8",8498,"Marilyn Kirkpatrick",78,1,"D",1,"Rep","HD-001",72,17,5.73611111111111,4,0,1,0,1,1,1
"WPSA.L.77.15",8500,"James Ohrenschall",77,1,"D",1,"Rep","HD-012",79,13,12.4683544303797,8,0,1,0,0,0,0
"WPSA.L.78.9",8500,"James Ohrenschall",78,1,"D",1,"Rep","HD-012",62,11,10.5967741935484,7.5,0,1,0,0,0,0
"WPSA.L.79.9",8500,"James Ohrenschall",79,1,"D",1,"Rep","HD-012",74,17,11.1891891891892,4,0,1,0,0,0,0
"WPSA.L.80.7",8500,"James Ohrenschall",80,1,"D",2,"Sen","SD-021",96,20,6.61458333333333,5,0,1,0,0,0,0
"WPSA.L.81.6",8500,"James Ohrenschall",81,1,"D",2,"Sen","SD-021",55,18,6.83636363636364,3,0,1,0,0,0,0
"WPSA.L.82.5",8500,"James Ohrenschall",82,1,"D",2,"Sen","SD-021",96,21,8.125,7,0,1,0,0,0,0
"WPSA.L.77.16",8501,"Debbie Smith",77,1,"D",2,"Sen","SD-013",76,17,11.4868421052632,7,0,1,0,1,1,0
"WPSA.L.78.10",8501,"Debbie Smith",78,1,"D",2,"Sen","SD-013",48,17,10.6875,6.5,0,1,0,1,1,0
"WPSA.L.77.17",8502,"Moises Denis",77,1,"D",2,"Sen","SD-002",84,25,8.32142857142857,3,0,1,0,0,1,1
"WPSA.L.78.11",8502,"Moises Denis",78,1,"D",2,"Sen","SD-002",108,12,7.71296296296296,6,0,1,0,0,0,0
"WPSA.L.79.10",8502,"Moises Denis",79,1,"D",2,"Sen","SD-002",101,19,6.88118811881188,6,0,1,0,0,1,1
"WPSA.L.80.8",8502,"Moises Denis",80,1,"D",2,"Sen","SD-002",83,19,6.03614457831325,5,0,1,0,0,1,1
"WPSA.L.81.7",8502,"Moises Denis",81,1,"D",2,"Sen","SD-002",45,15,6.66666666666667,4,0,1,0,0,1,1
"WPSA.L.77.18",8503,"April Mastroluca",77,1,"D",1,"Rep","HD-029",1,0,9,9,0,1,0,1,0,0
"WPSA.L.77.19",8506,"Maggie Carlton",77,1,"D",1,"Rep","HD-014",42,7,8.23809523809524,6,0,1,0,1,0,0
"WPSA.L.78.12",8506,"Maggie Carlton",78,1,"D",1,"Rep","HD-014",41,3,8.78048780487805,8,0,1,0,1,1,0
"WPSA.L.79.11",8506,"Maggie Carlton",79,1,"D",1,"Rep","HD-014",49,7,9.28571428571429,9,0,1,0,1,0,0
"WPSA.L.80.9",8506,"Maggie Carlton",80,1,"D",1,"Rep","HD-014",36,6,5.55555555555556,4,0,1,0,1,0,0
"WPSA.L.81.8",8506,"Maggie Carlton",81,1,"D",1,"Rep","HD-014",21,3,9.38095238095238,8,0,1,0,1,0,0
"WPSA.L.77.20",8508,"Ruben Kihuen",77,1,"D",2,"Sen","SD-010",86,10,11.3720930232558,7,0,1,0,0,1,1
"WPSA.L.78.13",8508,"Ruben Kihuen",78,1,"D",2,"Sen","SD-010",105,8,8.4952380952381,5,0,1,0,0,1,1
"WPSA.L.77.21",8510,"Richard Segerblom",77,1,"D",2,"Sen","SD-003",34,1,20.2352941176471,15.5,0,1,0,0,0,0
"WPSA.L.78.14",8510,"Richard Segerblom",78,1,"D",2,"Sen","SD-003",81,23,9.11111111111111,6,0,1,0,0,0,0
"WPSA.L.79.12",8510,"Richard Segerblom",79,1,"D",2,"Sen","SD-003",146,22,8.26027397260274,4,0,1,0,0,0,0
"WPSA.L.80.10",8510,"Richard Segerblom",80,1,"D",2,"Sen","SD-003",5,0,8.8,7,0,1,0,0,0,0
"WPSA.L.77.22",8511,"Peggy Pierce",77,1,"D",1,"Rep","HD-003",63,3,17.6349206349206,13,0,1,0,1,1,0
"WPSA.L.78.15",8511,"Peggy Pierce",78,1,"D",1,"Rep","HD-003",1,0,9,9,0,1,0,1,0,0
"WPSA.L.77.23",8512,"Don Gustavson",77,2,"R",2,"Sen","SD-014",103,16,10.2038834951456,7,1,0,0,0,0,0
"WPSA.L.78.16",8512,"Don Gustavson",78,2,"R",2,"Sen","SD-014",80,18,8.875,5.5,1,0,0,0,0,0
"WPSA.L.79.13",8512,"Don Gustavson",79,2,"R",2,"Sen","SD-014",48,7,9.33333333333333,4,1,0,0,0,0,0
"WPSA.L.77.24",8513,"Ellen Spiegel",77,1,"D",1,"Rep","HD-020",59,6,19.0338983050847,17,0,1,0,1,0,0
"WPSA.L.78.17",8513,"Ellen Spiegel",78,1,"D",1,"Rep","HD-020",50,6,14.12,12.5,0,1,0,1,0,0
"WPSA.L.79.14",8513,"Ellen Spiegel",79,1,"D",1,"Rep","HD-020",55,11,15.4,9,0,1,0,1,1,0
"WPSA.L.80.11",8513,"Ellen Spiegel",80,1,"D",1,"Rep","HD-020",50,10,9.04,5.5,0,1,0,1,0,0
"WPSA.L.77.25",8514,"Paul Aizley",77,1,"D",1,"Rep","HD-041",67,10,6.53731343283582,5,0,1,0,0,1,1
"WPSA.L.78.18",8514,"Paul Aizley",78,1,"D",1,"Rep","HD-041",3,1,5.66666666666667,2,0,1,0,0,0,0
"WPSA.L.77.26",8515,"Kelvin Atkinson",77,1,"D",2,"Sen","SD-004",81,9,9.32098765432099,5,0,1,0,0,0,0
"WPSA.L.78.19",8515,"Kelvin Atkinson",78,1,"D",2,"Sen","SD-004",100,7,7.57,5,0,1,0,0,1,1
"WPSA.L.79.15",8515,"Kelvin Atkinson",79,1,"D",2,"Sen","SD-004",78,11,6.93589743589744,5,0,1,0,0,1,0
"WPSA.L.80.12",8515,"Kelvin Atkinson",80,1,"D",2,"Sen","SD-004",18,5,5,3.5,0,1,0,0,0,0
"WPSA.L.77.27",8516,"David Bobzien",77,1,"D",1,"Rep","HD-024",86,14,6.56976744186047,4,0,1,0,0,1,1
"WPSA.L.78.20",8516,"David Bobzien",78,1,"D",1,"Rep","HD-024",4,1,2.25,2.5,0,1,0,0,0,0
"WPSA.L.77.28",8518,"Pete Goicoechea",77,2,"R",2,"Sen","SD-019",100,14,9.17,6,1,0,0,0,0,0
"WPSA.L.78.21",8518,"Pete Goicoechea",78,2,"R",2,"Sen","SD-019",61,12,8.13114754098361,5,1,0,0,0,0,0
"WPSA.L.79.16",8518,"Pete Goicoechea",79,2,"R",2,"Sen","SD-019",58,12,8.25862068965517,6,1,0,0,0,0,0
"WPSA.L.80.13",8518,"Pete Goicoechea",80,2,"R",2,"Sen","SD-019",52,14,5.61538461538461,3,1,0,0,0,0,0
"WPSA.L.81.9",8518,"Pete Goicoechea",81,2,"R",2,"Sen","SD-019",54,10,5.77777777777778,4,1,0,0,0,0,0
"WPSA.L.82.6",8518,"Pete Goicoechea",82,2,"R",2,"Sen","SD-019",71,14,4.8169014084507,3,1,0,0,0,0,0
"WPSA.L.77.29",8519,"Harvey Munford",77,1,"D",1,"Rep","HD-006",83,13,14.3493975903614,11,0,1,0,0,0,0
"WPSA.L.78.22",8519,"Harvey Munford",78,1,"D",1,"Rep","HD-006",48,8,13.0833333333333,12,0,1,0,0,0,0
"WPSA.L.77.30",8525,"Joyce Woodhouse",77,1,"D",2,"Sen","SD-005",85,10,14.8941176470588,11,0,1,0,1,0,0
"WPSA.L.78.23",8525,"Joyce Woodhouse",78,1,"D",2,"Sen","SD-005",104,15,8.27884615384615,4,0,1,0,1,0,0
"WPSA.L.79.17",8525,"Joyce Woodhouse",79,1,"D",2,"Sen","SD-005",121,22,10.099173553719,8,0,1,0,1,1,1
"WPSA.L.80.14",8525,"Joyce Woodhouse",80,1,"D",2,"Sen","SD-005",110,25,7.28181818181818,6,0,1,0,1,1,0
"WPSA.L.81.10",8525,"Joyce Woodhouse",81,1,"D",2,"Sen","SD-005",1,0,4,4,0,1,0,1,0,0
"WPSA.L.77.31",8540,"Steven Horsford",77,1,"D",2,"Sen","SD-004",4,2,5.25,4,0,1,0,0,0,0
"WPSA.L.77.32",8542,"Michael Schneider",77,1,"D",2,"Sen","SD-011",1,0,8,8,0,1,0,0,0,0
"WPSA.L.77.33",8557,"Barbara Cegavske",77,2,"R",2,"Sen","SD-008",86,23,7.77906976744186,3,1,0,0,1,0,0
"WPSA.L.77.34",8563,"David Parks",77,1,"D",2,"Sen","SD-007",109,20,10.348623853211,5,0,1,0,0,1,1
"WPSA.L.78.24",8563,"David Parks",78,1,"D",2,"Sen","SD-007",113,18,6.70796460176991,4,0,1,0,0,0,0
"WPSA.L.79.18",8563,"David Parks",79,1,"D",2,"Sen","SD-007",134,21,7.95522388059702,5,0,1,0,0,0,0
"WPSA.L.80.15",8563,"David Parks",80,1,"D",2,"Sen","SD-007",130,26,4.83846153846154,3,0,1,0,0,0,0
"WPSA.L.81.11",8563,"David Parks",81,1,"D",2,"Sen","SD-007",1,0,5,5,0,1,0,0,0,0
"WPSA.L.77.35",8566,"Allison Copening",77,1,"D",2,"Sen","SD-006",1,1,1,1,0,1,0,1,0,0
"WPSA.L.77.36",8570,"Elliot Anderson",77,1,"D",1,"Rep","HD-015",72,7,6.59722222222222,4,0,1,0,0,0,0
"WPSA.L.78.25",8570,"Elliot Anderson",78,1,"D",1,"Rep","HD-015",60,10,5.96666666666667,5,0,1,0,0,0,0
"WPSA.L.79.19",8570,"Elliot Anderson",79,1,"D",1,"Rep","HD-015",27,9,5.96296296296296,2,0,1,0,0,0,0
"WPSA.L.80.16",8570,"Elliot Anderson",80,1,"D",1,"Rep","HD-015",3,1,3.33333333333333,3,0,1,0,0,0,0
"WPSA.L.77.37",12092,"Pete Livermore",77,2,"R",1,"Rep","HD-040",110,11,12.2909090909091,9,1,0,0,0,0,0
"WPSA.L.77.38",12093,"Ben Kieckhefer",77,2,"R",2,"Sen","SD-016",71,16,12.0281690140845,9,1,0,0,0,1,0
"WPSA.L.78.26",12093,"Ben Kieckhefer",78,2,"R",2,"Sen","SD-016",46,18,7.34782608695652,2,1,0,0,0,1,0
"WPSA.L.79.20",12093,"Ben Kieckhefer",79,2,"R",2,"Sen","SD-016",47,11,10.2127659574468,4,1,0,0,0,1,0
"WPSA.L.80.17",12093,"Ben Kieckhefer",80,2,"R",2,"Sen","SD-016",50,14,7.1,4.5,1,0,0,0,0,0
"WPSA.L.81.12",12093,"Ben Kieckhefer",81,2,"R",2,"Sen","SD-016",55,14,7.10909090909091,6,1,0,0,0,0,0
"WPSA.L.82.7",12093,"Ben Kieckhefer",82,2,"R",2,"Sen","SD-016",1,0,17,17,1,0,0,0,0,0
"WPSA.L.77.39",12094,"Richard Carrillo",77,1,"D",1,"Rep","HD-018",65,10,7.49230769230769,5,0,1,0,0,0,0
"WPSA.L.78.27",12094,"Richard Carrillo",78,1,"D",1,"Rep","HD-018",74,8,7.35135135135135,8,0,1,0,0,0,0
"WPSA.L.79.21",12094,"Richard Carrillo",79,1,"D",1,"Rep","HD-018",74,10,7.68918918918919,5,0,1,0,0,0,0
"WPSA.L.80.18",12094,"Richard Carrillo",80,1,"D",1,"Rep","HD-018",68,9,5.27941176470588,4,0,1,0,0,0,0
"WPSA.L.77.40",12095,"Randy Kirner",77,2,"R",1,"Rep","HD-026",94,10,12.2765957446809,9.5,1,0,0,0,1,0
"WPSA.L.78.28",12095,"Randy Kirner",78,2,"R",1,"Rep","HD-026",43,9,9.04651162790698,7,1,0,0,0,0,0
"WPSA.L.77.41",12097,"Lucy Flores",77,1,"D",1,"Rep","HD-028",49,9,11.4285714285714,7,0,1,0,1,1,0
"WPSA.L.77.42",12199,"John Ellison",77,2,"R",1,"Rep","HD-033",116,12,7.39655172413793,4,1,0,0,0,0,0
"WPSA.L.78.29",12199,"John Ellison",78,2,"R",1,"Rep","HD-033",73,10,5.97260273972603,5,1,0,0,0,1,1
"WPSA.L.79.22",12199,"John Ellison",79,2,"R",1,"Rep","HD-033",44,11,8.27272727272727,4.5,1,0,0,0,1,0
"WPSA.L.80.19",12199,"John Ellison",80,2,"R",1,"Rep","HD-033",60,9,4.81666666666667,3,1,0,0,0,1,0
"WPSA.L.81.13",12199,"John Ellison",81,2,"R",1,"Rep","HD-033",48,10,6.70833333333333,4.5,1,0,0,0,0,0
"WPSA.L.77.43",12200,"Ira Hansen",77,2,"R",1,"Rep","HD-032",80,11,10.55,8,1,0,0,0,0,0
"WPSA.L.78.30",12200,"Ira Hansen",78,2,"R",1,"Rep","HD-032",36,12,6.61111111111111,4,1,0,0,0,1,0
"WPSA.L.79.23",12200,"Ira Hansen",79,2,"R",1,"Rep","HD-032",26,9,12.9230769230769,8.5,1,0,0,0,0,0
"WPSA.L.80.20",12200,"Ira Hansen",80,2,"R",2,"Sen","SD-014",44,8,8.11363636363636,4,1,0,0,0,0,0
"WPSA.L.81.14",12200,"Ira Hansen",81,2,"R",2,"Sen","SD-014",38,3,7.13157894736842,5.5,1,0,0,0,0,0
"WPSA.L.82.8",12200,"Ira Hansen",82,2,"R",2,"Sen","SD-014",75,13,5.25333333333333,4,1,0,0,0,0,0
"WPSA.L.77.44",12202,"Jason Frierson",77,1,"D",1,"Rep","HD-008",71,6,10.4366197183099,7,0,1,0,0,1,0
"WPSA.L.78.31",12202,"Jason Frierson",78,1,"D",1,"Rep","HD-008",1,0,7,7,0,1,0,0,0,0
"WPSA.L.79.24",12202,"Jason Frierson",79,1,"D",1,"Rep","HD-008",82,26,7,3,0,1,0,0,1,1
"WPSA.L.80.21",12202,"Jason Frierson",80,1,"D",1,"Rep","HD-008",57,25,4.63157894736842,2,0,1,0,0,1,1
"WPSA.L.81.15",12202,"Jason Frierson",81,1,"D",1,"Rep","HD-008",38,23,4.89473684210526,1,0,1,0,0,1,1
"WPSA.L.82.9",12202,"Jason Frierson",82,1,"D",1,"Rep","HD-008",1,0,3,3,0,1,0,0,0,0
"WPSA.L.77.45",12203,"Richard Daly",77,1,"D",1,"Rep","HD-031",59,13,9.30508474576271,7,0,1,0,0,0,0
"WPSA.L.78.32",12203,"Richard Daly",78,1,"D",1,"Rep","HD-031",3,2,1.66666666666667,1,0,1,0,0,0,0
"WPSA.L.79.25",12203,"Richard Daly",79,1,"D",1,"Rep","HD-031",44,6,10.7272727272727,10,0,1,0,0,0,0
"WPSA.L.80.22",12203,"Richard Daly",80,1,"D",1,"Rep","HD-031",42,11,6.38095238095238,5,0,1,0,0,0,0
"WPSA.L.82.10",12203,"Richard Daly",82,1,"D",2,"Sen","SD-013",74,13,4.9054054054054,4,0,1,0,0,0,0
"WPSA.L.77.46",12204,"Olivia Diaz",77,1,"D",1,"Rep","HD-011",57,6,9.49122807017544,7,0,1,0,1,1,0
"WPSA.L.78.33",12204,"Olivia Diaz",78,1,"D",1,"Rep","HD-011",64,6,6.671875,5,0,1,0,1,0,0
"WPSA.L.79.26",12204,"Olivia Diaz",79,1,"D",1,"Rep","HD-011",60,7,9.68333333333333,7,0,1,0,1,0,0
"WPSA.L.80.23",12204,"Olivia Diaz",80,1,"D",1,"Rep","HD-011",7,1,6.71428571428571,5,0,1,0,1,0,0
"WPSA.L.77.47",12205,"Patrick Hickey",77,2,"R",1,"Rep","HD-025",125,12,8.048,5,1,0,0,0,1,0
"WPSA.L.78.34",12205,"Patrick Hickey",78,2,"R",1,"Rep","HD-025",44,8,7.97727272727273,4.5,1,0,0,0,0,0
"WPSA.L.77.48",12209,"Teresa Benitez-Thompson",77,1,"D",1,"Rep","HD-027",57,5,7.63157894736842,5,0,1,0,1,0,0
"WPSA.L.78.35",12209,"Teresa Benitez-Thompson",78,1,"D",1,"Rep","HD-027",51,8,6,5,0,1,0,1,1,0
"WPSA.L.79.27",12209,"Teresa Benitez-Thompson",79,1,"D",1,"Rep","HD-027",55,7,6.70909090909091,4,0,1,0,1,1,1
"WPSA.L.80.24",12209,"Teresa Benitez-Thompson",80,1,"D",1,"Rep","HD-027",56,11,3.96428571428571,3,0,1,0,1,1,1
"WPSA.L.81.16",12209,"Teresa Benitez-Thompson",81,1,"D",1,"Rep","HD-027",38,9,6.21052631578947,3.5,0,1,0,1,1,1
"WPSA.L.82.11",12209,"Teresa Benitez-Thompson",82,1,"D",1,"Rep","HD-027",2,1,1.5,1.5,0,1,0,1,0,0
"WPSA.L.77.49",12210,"Steven Brooks",77,1,"D",1,"Rep","HD-017",5,0,19.4,28,0,1,0,0,0,0
"WPSA.L.77.50",12211,"Irene Bustamante Adams",77,1,"D",1,"Rep","HD-042",64,8,7.28125,6,0,1,0,1,0,0
"WPSA.L.78.36",12211,"Irene Bustamante Adams",78,1,"D",1,"Rep","HD-042",62,7,7.24193548387097,7,0,1,0,1,0,0
"WPSA.L.79.28",12211,"Irene Bustamante Adams",79,1,"D",1,"Rep","HD-042",46,12,7.89130434782609,5.5,0,1,0,1,1,1
"WPSA.L.80.25",12211,"Irene Bustamante Adams",80,1,"D",1,"Rep","HD-042",2,0,9.5,9.5,0,1,0,1,0,0
"WPSA.L.77.51",12212,"Scott Hammond",77,2,"R",2,"Sen","SD-018",82,11,10.8048780487805,7,1,0,0,0,0,0
"WPSA.L.78.37",12212,"Scott Hammond",78,2,"R",2,"Sen","SD-018",47,16,6.19148936170213,2,1,0,0,0,1,1
"WPSA.L.79.29",12212,"Scott Hammond",79,2,"R",2,"Sen","SD-018",53,14,9.9433962264151,6,1,0,0,0,1,1
"WPSA.L.80.26",12212,"Scott Hammond",80,2,"R",2,"Sen","SD-018",74,20,5.31081081081081,3,1,0,0,0,1,1
"WPSA.L.81.17",12212,"Scott Hammond",81,2,"R",2,"Sen","SD-018",67,11,6.56716417910448,5,1,0,0,0,1,1
"WPSA.L.82.12",12212,"Scott Hammond",82,2,"R",2,"Sen","SD-018",54,17,5.90740740740741,3.5,1,0,0,0,0,0
"WPSA.L.77.52",12213,"Dina Neal",77,1,"D",1,"Rep","HD-007",60,10,15.75,10,0,1,0,1,0,0
"WPSA.L.78.38",12213,"Dina Neal",78,1,"D",1,"Rep","HD-007",50,9,11.4,11,0,1,0,1,0,0
"WPSA.L.79.30",12213,"Dina Neal",79,1,"D",1,"Rep","HD-007",59,10,14.2033898305085,11,0,1,0,1,0,0
"WPSA.L.80.27",12213,"Dina Neal",80,1,"D",1,"Rep","HD-007",49,10,9.06122448979592,6,0,1,0,1,0,0
"WPSA.L.81.18",12213,"Dina Neal",81,1,"D",2,"Sen","SD-004",36,13,7.13888888888889,5,0,1,0,1,0,0
"WPSA.L.82.13",12213,"Dina Neal",82,1,"D",2,"Sen","SD-004",85,21,6.90588235294118,6,0,1,0,1,0,0
"WPSA.L.77.53",12249,"Greg Brower",77,2,"R",2,"Sen","SD-015",64,15,8.375,3.5,1,0,0,0,0,0
"WPSA.L.78.39",12249,"Greg Brower",78,2,"R",2,"Sen","SD-015",33,12,6.39393939393939,3,1,0,0,0,0,0
"WPSA.L.77.54",12251,"Michael Roberson",77,2,"R",2,"Sen","SD-020",88,30,9.88636363636364,3,1,0,0,0,1,0
"WPSA.L.78.40",12251,"Michael Roberson",78,2,"R",2,"Sen","SD-020",69,42,4.97101449275362,1,1,0,0,0,1,1
"WPSA.L.79.31",12251,"Michael Roberson",79,2,"R",2,"Sen","SD-020",62,22,8.01612903225806,2,1,0,0,0,1,1
"WPSA.L.77.55",12728,"Cresent Hardy",77,2,"R",1,"Rep","HD-019",115,6,11.0434782608696,6,1,0,0,0,1,0
"WPSA.L.78.41",12728,"Cresent Hardy",78,2,"R",1,"Rep","HD-019",16,0,21.6875,15.5,1,0,0,0,0,0
"WPSA.L.79.32",12728,"Cresent Hardy",79,2,"R",1,"Rep","HD-019",15,0,21.2,14,1,0,0,0,0,0
"WPSA.L.77.56",15152,"Michele Fiore",77,2,"R",1,"Rep","HD-004",113,6,8.52212389380531,6,1,0,0,1,0,0
"WPSA.L.78.42",15152,"Michele Fiore",78,2,"R",1,"Rep","HD-004",74,10,5.18918918918919,3,1,0,0,1,0,0
"WPSA.L.79.33",15152,"Michele Fiore",79,2,"R",1,"Rep","HD-004",3,0,3.66666666666667,4,1,0,0,1,0,0
"WPSA.L.77.57",15153,"James Oscarson",77,2,"R",1,"Rep","HD-036",91,5,15.0989010989011,12,1,0,0,0,0,0
"WPSA.L.78.43",15153,"James Oscarson",78,2,"R",1,"Rep","HD-036",57,9,10.859649122807,8,1,0,0,0,0,0
"WPSA.L.79.34",15153,"James Oscarson",79,2,"R",1,"Rep","HD-036",43,8,13,7,1,0,0,0,1,0
"WPSA.L.77.58",15869,"Lesley Cohen",77,1,"D",1,"Rep","HD-029",42,3,10,8,0,1,0,1,0,0
"WPSA.L.79.35",15869,"Lesley Cohen",79,1,"D",1,"Rep","HD-029",58,9,9.08620689655172,8,0,1,0,1,0,0
"WPSA.L.80.28",15869,"Lesley Cohen",80,1,"D",1,"Rep","HD-029",60,9,6.06666666666667,5,0,1,0,1,0,0
"WPSA.L.81.19",15869,"Lesley Cohen",81,1,"D",1,"Rep","HD-029",31,7,8.32258064516129,6,0,1,0,1,0,0
"WPSA.L.82.14",15869,"Lesley Cohen",82,1,"D",1,"Rep","HD-029",34,8,7.76470588235294,5.5,0,1,0,1,0,0
"WPSA.L.77.59",15870,"Wesley Duncan",77,2,"R",1,"Rep","HD-037",71,5,9.63380281690141,7,1,0,0,0,0,0
"WPSA.L.77.60",15871,"Andy Eisen",77,1,"D",1,"Rep","HD-021",62,6,9.67741935483871,6.5,0,1,0,0,0,0
"WPSA.L.78.44",15871,"Andy Eisen",78,1,"D",1,"Rep","HD-021",2,0,3,3,0,1,0,0,0,0
"WPSA.L.77.61",15872,"James Healey",77,1,"D",1,"Rep","HD-035",80,4,12.3375,10,0,1,0,0,0,0
"WPSA.L.78.45",15872,"James Healey",78,1,"D",1,"Rep","HD-035",3,0,8.33333333333333,7,0,1,0,0,0,0
"WPSA.L.77.62",15873,"Andrew Martin",77,1,"D",1,"Rep","HD-009",62,4,16.1290322580645,12,0,1,0,0,0,0
"WPSA.L.78.46",15873,"Andrew Martin",78,1,"D",1,"Rep","HD-009",1,0,12,12,0,1,0,0,0,0
"WPSA.L.77.63",15874,"Paul Anderson",77,2,"R",1,"Rep","HD-013",84,5,6.47619047619048,4,1,0,0,0,0,0
"WPSA.L.78.47",15874,"Paul Anderson",78,2,"R",1,"Rep","HD-013",30,5,4.83333333333333,3.5,1,0,0,0,1,1
"WPSA.L.79.36",15874,"Paul Anderson",79,2,"R",1,"Rep","HD-013",24,3,8.125,4.5,1,0,0,0,1,1
"WPSA.L.77.64",15875,"Michael Sprinkle",77,1,"D",1,"Rep","HD-030",52,4,18.4230769230769,12,0,1,0,0,0,0
"WPSA.L.78.48",15875,"Michael Sprinkle",78,1,"D",1,"Rep","HD-030",58,7,14,13,0,1,0,0,0,0
"WPSA.L.79.37",15875,"Michael Sprinkle",79,1,"D",1,"Rep","HD-030",53,11,14.6037735849057,7,0,1,0,0,1,1
"WPSA.L.80.29",15875,"Michael Sprinkle",80,1,"D",1,"Rep","HD-030",12,4,7.75,4.5,0,1,0,0,0,0
"WPSA.L.77.65",15876,"Heidi Swank",77,1,"D",1,"Rep","HD-016",66,1,19.8939393939394,15.5,0,1,0,1,0,0
"WPSA.L.78.49",15876,"Heidi Swank",78,1,"D",1,"Rep","HD-016",58,8,13.6206896551724,11.5,0,1,0,1,0,0
"WPSA.L.79.38",15876,"Heidi Swank",79,1,"D",1,"Rep","HD-016",60,14,15.25,11,0,1,0,1,1,0
"WPSA.L.80.30",15876,"Heidi Swank",80,1,"D",1,"Rep","HD-016",53,9,10.9433962264151,9,0,1,0,1,1,0
"WPSA.L.77.66",15877,"Jim Wheeler",77,2,"R",1,"Rep","HD-039",112,5,15.0446428571429,11,1,0,0,0,0,0
"WPSA.L.78.50",15877,"Jim Wheeler",78,2,"R",1,"Rep","HD-039",85,10,11.2941176470588,8,1,0,0,0,1,1
"WPSA.L.79.39",15877,"Jim Wheeler",79,2,"R",1,"Rep","HD-039",44,10,15.0681818181818,9,1,0,0,0,1,0
"WPSA.L.80.31",15877,"Jim Wheeler",80,2,"R",1,"Rep","HD-039",52,15,6.65384615384615,3,1,0,0,0,1,1
"WPSA.L.81.20",15877,"Jim Wheeler",81,2,"R",1,"Rep","HD-039",58,9,9.06896551724138,3,1,0,0,0,0,0
"WPSA.L.77.67",15878,"Aaron Ford",77,1,"D",2,"Sen","SD-011",65,7,9.70769230769231,5,0,1,0,0,1,0
"WPSA.L.78.51",15878,"Aaron Ford",78,1,"D",2,"Sen","SD-011",120,15,6.33333333333333,3,0,1,0,0,1,1
"WPSA.L.79.40",15878,"Aaron Ford",79,1,"D",2,"Sen","SD-011",124,29,6.99193548387097,4,0,1,0,0,1,1
"WPSA.L.80.32",15878,"Aaron Ford",80,1,"D",2,"Sen","SD-011",4,0,7.75,6.5,0,1,0,0,0,0
"WPSA.L.77.68",15879,"Mark Hutchison",77,2,"R",2,"Sen","SD-006",79,12,9.65822784810127,5,1,0,0,0,0,0
"WPSA.L.77.69",15880,"Justin Jones",77,1,"D",2,"Sen","SD-009",86,13,10.5813953488372,8,0,1,0,0,1,0
"WPSA.L.78.52",15880,"Justin Jones",78,1,"D",2,"Sen","SD-009",13,1,10.0769230769231,6,0,1,0,0,0,0
"WPSA.L.79.41",15880,"Justin Jones",79,1,"D",2,"Sen","SD-009",1,0,6,6,0,1,0,0,0,0
"WPSA.L.77.70",15881,"Patricia Spearman",77,1,"D",2,"Sen","SD-001",90,8,12.7666666666667,9,0,1,0,1,0,0
"WPSA.L.78.53",15881,"Patricia Spearman",78,1,"D",2,"Sen","SD-001",98,18,8.53061224489796,4,0,1,0,1,0,0
"WPSA.L.79.42",15881,"Patricia Spearman",79,1,"D",2,"Sen","SD-001",112,22,9.33928571428571,5,0,1,0,1,1,1
"WPSA.L.80.33",15881,"Patricia Spearman",80,1,"D",2,"Sen","SD-001",114,29,5.14035087719298,3,0,1,0,1,1,1
"WPSA.L.81.21",15881,"Patricia Spearman",81,1,"D",2,"Sen","SD-001",58,20,6.74137931034483,3,0,1,0,1,1,0
"WPSA.L.82.15",15881,"Patricia Spearman",82,1,"D",2,"Sen","SD-001",95,19,5.68421052631579,3,0,1,0,1,1,1
"WPSA.L.77.71",16028,"Tyrone Thompson",77,1,"D",1,"Rep","HD-017",5,0,44.2,40,0,1,0,0,0,0
"WPSA.L.78.54",16028,"Tyrone Thompson",78,1,"D",1,"Rep","HD-017",67,9,12.9850746268657,10,0,1,0,0,0,0
"WPSA.L.79.43",16028,"Tyrone Thompson",79,1,"D",1,"Rep","HD-017",64,10,16.46875,12.5,0,1,0,0,1,0
"WPSA.L.80.34",16028,"Tyrone Thompson",80,1,"D",1,"Rep","HD-017",47,8,8.61702127659574,4,0,1,0,0,0,0
"WPSA.L.78.55",16404,"Victoria Dooling",78,2,"R",1,"Rep","HD-041",53,5,6.81132075471698,6,1,0,0,1,0,0
"WPSA.L.79.44",16404,"Victoria Dooling",79,2,"R",1,"Rep","HD-041",2,1,4,4,1,0,0,1,0,0
"WPSA.L.78.56",17444,"Robin Titus",78,2,"R",1,"Rep","HD-038",49,4,13.8775510204082,11,1,0,0,1,0,0
"WPSA.L.79.45",17444,"Robin Titus",79,2,"R",1,"Rep","HD-038",38,9,15.0526315789474,8.5,1,0,0,1,0,0
"WPSA.L.80.35",17444,"Robin Titus",80,2,"R",1,"Rep","HD-038",50,7,6.66,3,1,0,0,1,1,0
"WPSA.L.81.22",17444,"Robin Titus",81,2,"R",1,"Rep","HD-038",66,14,6.53030303030303,2,1,0,0,1,1,1
"WPSA.L.82.16",17444,"Robin Titus",82,2,"R",2,"Sen","SD-017",64,13,6.328125,3,1,0,0,1,1,1
"WPSA.L.78.57",17445,"Becky Harris",78,2,"R",2,"Sen","SD-009",54,12,9.01851851851852,4,1,0,0,1,0,0
"WPSA.L.79.46",17445,"Becky Harris",79,2,"R",2,"Sen","SD-009",71,20,8.95774647887324,6,1,0,0,1,1,0
"WPSA.L.78.58",17446,"Jill Dickman",78,2,"R",1,"Rep","HD-031",84,6,5.71428571428571,5,1,0,0,1,1,0
"WPSA.L.79.47",17446,"Jill Dickman",79,2,"R",1,"Rep","HD-031",2,1,4.5,4.5,1,0,0,1,0,0
"WPSA.L.81.23",17446,"Jill Dickman",81,2,"R",1,"Rep","HD-031",58,6,5.58620689655172,3,1,0,0,1,0,0
"WPSA.L.82.17",17446,"Jill Dickman",82,2,"R",1,"Rep","HD-031",58,9,5.53448275862069,4,1,0,0,1,1,0
"WPSA.L.78.59",17447,"Victoria Seaman",78,2,"R",1,"Rep","HD-034",62,6,10.3709677419355,7,1,0,0,1,1,0
"WPSA.L.79.48",17447,"Victoria Seaman",79,2,"R",1,"Rep","HD-034",3,0,6.66666666666667,5,1,0,0,1,0,0
"WPSA.L.78.60",17511,"Nelson Araujo",78,1,"D",1,"Rep","HD-003",69,6,6.76811594202899,6,0,1,0,0,0,0
"WPSA.L.79.49",17511,"Nelson Araujo",79,1,"D",1,"Rep","HD-003",69,11,6.56521739130435,5,0,1,0,0,1,0
"WPSA.L.80.36",17511,"Nelson Araujo",80,1,"D",1,"Rep","HD-003",6,1,4.5,4,0,1,0,0,0,0
"WPSA.L.78.61",17513,"Amber Joiner",78,1,"D",1,"Rep","HD-024",67,1,10.910447761194,10,0,1,0,1,0,0
"WPSA.L.79.50",17513,"Amber Joiner",79,1,"D",1,"Rep","HD-024",69,11,11.9855072463768,9,0,1,0,1,0,0
"WPSA.L.80.37",17513,"Amber Joiner",80,1,"D",1,"Rep","HD-024",6,2,7.5,7,0,1,0,1,0,0
"WPSA.L.78.62",17514,"Brent Jones",78,2,"R",1,"Rep","HD-035",57,6,6.8421052631579,4,1,0,0,0,0,0
"WPSA.L.79.51",17514,"Brent Jones",79,2,"R",1,"Rep","HD-035",1,0,4,4,1,0,0,0,0,0
"WPSA.L.78.63",17515,"Christopher Edwards",78,2,"R",1,"Rep","HD-019",25,6,7.72,5,1,0,0,0,0,0
"WPSA.L.79.52",17515,"Christopher Edwards",79,2,"R",1,"Rep","HD-019",39,10,9.15384615384615,4,1,0,0,0,0,0
"WPSA.L.80.38",17515,"Christopher Edwards",80,2,"R",1,"Rep","HD-019",40,13,5.575,4,1,0,0,0,1,0
"WPSA.L.78.64",17516,"David Gardner",78,2,"R",1,"Rep","HD-009",57,6,7.94736842105263,7,1,0,0,0,0,0
"WPSA.L.79.53",17516,"David Gardner",79,2,"R",1,"Rep","HD-009",2,0,5.5,5.5,1,0,0,0,0,0
"WPSA.L.78.65",17517,"Derek Armstrong",78,2,"R",1,"Rep","HD-021",31,3,5.03225806451613,5,1,0,0,0,0,0
"WPSA.L.79.54",17517,"Derek Armstrong",79,2,"R",1,"Rep","HD-021",1,0,3,3,1,0,0,0,0,0
"WPSA.L.78.66",17518,"Edgar Flores",78,1,"D",1,"Rep","HD-028",56,5,9.83928571428571,9.5,0,1,0,0,0,0
"WPSA.L.79.55",17518,"Edgar Flores",79,1,"D",1,"Rep","HD-028",45,9,11.6,10,0,1,0,0,0,0
"WPSA.L.80.39",17518,"Edgar Flores",80,1,"D",1,"Rep","HD-028",63,14,5.84126984126984,4,0,1,0,0,0,0
"WPSA.L.81.24",17518,"Edgar Flores",81,1,"D",1,"Rep","HD-028",59,10,6.77966101694915,5,0,1,0,0,1,1
"WPSA.L.82.18",17518,"Edgar Flores",82,1,"D",2,"Sen","SD-002",83,14,5.95180722891566,5,0,1,0,0,0,0
"WPSA.L.78.67",17519,"Erven Nelson",78,2,"R",1,"Rep","HD-005",29,5,12.6896551724138,9,1,0,0,0,0,0
"WPSA.L.78.68",17520,"Glenn Trowbridge",78,2,"R",1,"Rep","HD-037",39,1,18.2307692307692,15,1,0,0,0,0,0
"WPSA.L.79.56",17520,"Glenn Trowbridge",79,2,"R",1,"Rep","HD-037",2,0,11,11,1,0,0,0,0,0
"WPSA.L.78.69",17521,"John Moore",78,2,"R",1,"Rep","HD-008",59,6,8.61016949152542,6,1,0,0,0,0,0
"WPSA.L.79.57",17521,"John Moore",79,2,"R",1,"Rep","HD-008",1,0,10,10,1,0,0,0,0,0
"WPSA.L.78.70",17522,"Philip O'Neill",78,2,"R",1,"Rep","HD-008",67,5,9.91044776119403,7,1,0,0,0,0,0
"WPSA.L.79.58",17522,"Philip O'Neill",79,2,"R",1,"Rep","HD-008",2,0,6.5,6.5,1,0,0,0,0,0
"WPSA.L.81.25",17522,"Philip O'Neill",81,2,"R",1,"Rep","HD-040",60,7,9.38333333333333,5,1,0,0,0,0,0
"WPSA.L.82.19",17522,"Philip O'Neill",82,2,"R",1,"Rep","HD-040",53,17,6.54716981132075,3,1,0,0,0,1,1
"WPSA.L.78.71",17523,"Shelly Shelton",78,2,"R",1,"Rep","HD-010",58,6,10.2586206896552,8,1,0,0,1,0,0
"WPSA.L.79.59",17523,"Shelly Shelton",79,2,"R",1,"Rep","HD-010",3,0,9.33333333333333,11,1,0,0,1,0,0
"WPSA.L.78.72",17524,"Stephen Silberkraus",78,2,"R",1,"Rep","HD-029",54,6,11.1111111111111,6,1,0,0,0,0,0
"WPSA.L.79.60",17524,"Stephen Silberkraus",79,2,"R",1,"Rep","HD-029",1,0,14,14,1,0,0,0,0,0
"WPSA.L.78.73",17525,"Patricia Farley",78,3,"I",2,"Sen","SD-008",47,12,7.4468085106383,4,0,0,1,1,0,0
"WPSA.L.79.61",17525,"Patricia Farley",79,3,"I",2,"Sen","SD-008",83,20,7.46987951807229,6,0,0,1,1,0,0
"WPSA.L.78.74",17526,"Mark Lipparelli",78,2,"R",2,"Sen","SD-006",32,5,11.125,5.5,1,0,0,0,0,0
"WPSA.L.79.62",17976,"Julia Ratti",79,1,"D",2,"Sen","SD-013",96,11,9.78125,7.5,0,1,0,1,0,0
"WPSA.L.80.40",17976,"Julia Ratti",80,1,"D",2,"Sen","SD-013",81,17,6.39506172839506,4,0,1,0,1,1,0
"WPSA.L.81.26",17976,"Julia Ratti",81,1,"D",2,"Sen","SD-013",38,10,8.78947368421053,4,0,1,0,1,1,0
"WPSA.L.82.20",17976,"Julia Ratti",82,1,"D",2,"Sen","SD-013",1,0,18,18,0,1,0,1,0,0
"WPSA.L.79.63",19219,"Keith Pickard",79,2,"R",1,"Rep","SD-020",32,6,17.84375,11.5,1,0,0,0,0,0
"WPSA.L.80.41",19219,"Keith Pickard",80,2,"R",2,"Sen","SD-020",68,13,7.1764705882353,4,1,0,0,0,0,0
"WPSA.L.81.27",19219,"Keith Pickard",81,2,"R",2,"Sen","SD-020",54,20,6.74074074074074,2.5,1,0,0,0,0,0
"WPSA.L.79.64",19220,"Nicole Cannizzaro",79,1,"D",2,"Sen","SD-006",92,11,7.80434782608696,5,0,1,0,1,0,0
"WPSA.L.80.42",19220,"Nicole Cannizzaro",80,1,"D",2,"Sen","SD-006",83,30,4.20481927710843,3,0,1,0,1,1,1
"WPSA.L.81.28",19220,"Nicole Cannizzaro",81,1,"D",2,"Sen","SD-006",43,26,3.48837209302326,1,0,1,0,1,1,1
"WPSA.L.82.21",19220,"Nicole Cannizzaro",82,1,"D",2,"Sen","SD-006",61,29,2.88524590163934,2,0,1,0,1,1,1
"WPSA.L.79.65",19221,"Shannon Bilbray-Axelrod",79,1,"D",1,"Rep","HD-034",57,6,7.42105263157895,6,0,1,0,1,0,0
"WPSA.L.80.43",19221,"Shannon Bilbray-Axelrod",80,1,"D",1,"Rep","HD-034",70,10,4.65714285714286,3,0,1,0,1,0,0
"WPSA.L.81.29",19221,"Shannon Bilbray-Axelrod",81,1,"D",1,"Rep","HD-034",54,8,6.61111111111111,5.5,0,1,0,1,0,0
"WPSA.L.82.22",19221,"Shannon Bilbray-Axelrod",82,1,"D",1,"Rep","HD-034",47,6,7.4468085106383,6,0,1,0,1,0,0
"WPSA.L.79.66",19222,"Chris Brooks",79,1,"D",1,"Rep","SD-003",60,6,7.86666666666667,6,0,1,0,0,0,0
"WPSA.L.80.44",19222,"Chris Brooks",80,1,"D",2,"Sen","SD-003",96,19,4.98958333333333,4,0,1,0,0,0,0
"WPSA.L.81.30",19222,"Chris Brooks",81,1,"D",2,"Sen","SD-003",27,6,6.44444444444444,3,0,1,0,0,1,1
"WPSA.L.79.67",19223,"Ozzie Fumo",79,1,"D",1,"Rep","HD-021",66,6,11.2121212121212,8.5,0,1,0,0,0,0
"WPSA.L.80.45",19223,"Ozzie Fumo",80,1,"D",1,"Rep","HD-021",83,10,5.95180722891566,4,0,1,0,0,0,0
"WPSA.L.79.68",19224,"Sandra Jauregui",79,1,"D",1,"Rep","HD-041",60,8,12.5333333333333,9.5,0,1,0,1,0,0
"WPSA.L.80.46",19224,"Sandra Jauregui",80,1,"D",1,"Rep","HD-041",47,8,8.38297872340426,6,0,1,0,1,0,0
"WPSA.L.81.31",19224,"Sandra Jauregui",81,1,"D",1,"Rep","HD-041",23,8,12.1304347826087,7,0,1,0,1,1,0
"WPSA.L.82.23",19224,"Sandra Jauregui",82,1,"D",1,"Rep","HD-041",31,12,8.29032258064516,2,0,1,0,1,1,1
"WPSA.L.79.69",19225,"Al Kramer",79,2,"R",1,"Rep","HD-040",37,6,12.3783783783784,6,1,0,0,0,0,0
"WPSA.L.80.47",19225,"Al Kramer",80,2,"R",1,"Rep","HD-040",60,18,5.03333333333333,3,1,0,0,0,0,0
"WPSA.L.79.70",19226,"Lisa Krasner",79,2,"R",1,"Rep","HD-026",28,6,15,9.5,1,0,0,1,0,0
"WPSA.L.80.48",19226,"Lisa Krasner",80,2,"R",1,"Rep","HD-026",50,12,6.72,4,1,0,0,1,1,1
"WPSA.L.81.32",19226,"Lisa Krasner",81,2,"R",1,"Rep","HD-026",59,8,9.50847457627119,8,1,0,0,1,1,0
"WPSA.L.82.24",19226,"Lisa Krasner",82,2,"R",2,"Sen","SD-016",85,9,6.09411764705882,5,1,0,0,1,1,1
"WPSA.L.79.71",19227,"Jim Marchant",79,2,"R",1,"Rep","HD-037",26,5,16.0384615384615,10,1,0,0,0,0,0
"WPSA.L.79.72",19228,"William McCurdy",79,1,"D",1,"Rep","HD-006",56,7,12.7142857142857,8,0,1,0,0,0,0
"WPSA.L.80.49",19228,"William McCurdy",80,1,"D",1,"Rep","HD-006",62,14,7.40322580645161,5,0,1,0,0,1,0
"WPSA.L.79.73",19229,"Brittney Miller",79,1,"D",1,"Rep","HD-005",52,5,15.2115384615385,13,0,1,0,1,0,0
"WPSA.L.80.50",19229,"Brittney Miller",80,1,"D",1,"Rep","HD-005",46,10,10.4565217391304,9.5,0,1,0,1,0,0
"WPSA.L.81.33",19229,"Brittney Miller",81,1,"D",1,"Rep","HD-005",44,7,10.7045454545455,7.5,0,1,0,1,0,0
"WPSA.L.82.25",19229,"Brittney Miller",82,1,"D",1,"Rep","HD-005",34,8,8.79411764705882,5,0,1,0,1,0,0
"WPSA.L.79.74",19230,"Daniele Monroe-Moreno",79,1,"D",1,"Rep","HD-001",64,7,13.96875,10,0,1,0,1,0,0
"WPSA.L.80.51",19230,"Daniele Monroe-Moreno",80,1,"D",1,"Rep","HD-001",65,13,7.93846153846154,6,0,1,0,1,1,0
"WPSA.L.81.34",19230,"Daniele Monroe-Moreno",81,1,"D",1,"Rep","HD-001",40,5,10.6,5,0,1,0,1,1,0
"WPSA.L.82.26",19230,"Daniele Monroe-Moreno",82,1,"D",1,"Rep","HD-001",37,9,10.8108108108108,7,0,1,0,1,1,1
"WPSA.L.79.75",19231,"Jill Tolles",79,2,"R",1,"Rep","HD-025",38,6,18.9736842105263,12.5,1,0,0,1,0,0
"WPSA.L.80.52",19231,"Jill Tolles",80,2,"R",1,"Rep","HD-025",53,13,8.45283018867925,5,1,0,0,1,1,0
"WPSA.L.81.35",19231,"Jill Tolles",81,2,"R",1,"Rep","HD-025",50,6,13.04,9,1,0,0,1,1,0
"WPSA.L.79.76",19232,"Justin Watkins",79,1,"D",1,"Rep","HD-035",40,7,17.35,5.5,0,1,0,0,0,0
"WPSA.L.80.53",19232,"Justin Watkins",80,1,"D",1,"Rep","HD-035",2,0,15,15,0,1,0,0,0,0
"WPSA.L.79.77",19233,"Steve Yeager",79,1,"D",1,"Rep","HD-009",77,11,14.025974025974,7,0,1,0,0,0,0
"WPSA.L.80.54",19233,"Steve Yeager",80,1,"D",1,"Rep","HD-009",61,11,8.86885245901639,5,0,1,0,0,1,1
"WPSA.L.81.36",19233,"Steve Yeager",81,1,"D",1,"Rep","HD-009",40,11,12.475,3,0,1,0,0,1,1
"WPSA.L.82.27",19233,"Steve Yeager",82,1,"D",1,"Rep","HD-009",45,17,7.82222222222222,2,0,1,0,0,1,1
"WPSA.L.79.78",19234,"Yvanna Cancela",79,1,"D",2,"Sen","SD-010",119,10,7.15966386554622,5,0,1,0,1,0,0
"WPSA.L.80.55",19234,"Yvanna Cancela",80,1,"D",2,"Sen","SD-010",96,18,5.79166666666667,4,0,1,0,1,1,1
"WPSA.L.81.37",19234,"Yvanna Cancela",81,1,"D",2,"Sen","SD-010",1,0,7,7,0,1,0,1,0,0
"WPSA.L.80.56",21171,"Dallas Harris",80,1,"D",2,"Sen","SD-011",1,0,NA,NA,0,1,0,1,0,0
"WPSA.L.81.38",21171,"Dallas Harris",81,1,"D",2,"Sen","SD-011",64,23,6.828125,3,0,1,0,1,0,0
"WPSA.L.82.28",21171,"Dallas Harris",82,1,"D",2,"Sen","SD-011",95,18,6,5,0,1,0,1,1,0
"WPSA.L.80.57",21172,"Melanie Scheible",80,1,"D",2,"Sen","SD-009",1,0,NA,NA,0,1,0,1,0,0
"WPSA.L.81.39",21172,"Melanie Scheible",81,1,"D",2,"Sen","SD-009",44,11,9.06818181818182,4.5,0,1,0,1,0,0
"WPSA.L.82.29",21172,"Melanie Scheible",82,1,"D",2,"Sen","SD-009",83,19,8.28915662650602,7,0,1,0,1,1,1
"WPSA.L.80.58",21173,"Alexander Assefa",80,1,"D",1,"Rep","HD-042",1,0,NA,NA,0,1,0,0,0,0
"WPSA.L.80.59",21174,"Shea Backus",80,1,"D",1,"Rep","HD-037",1,0,NA,NA,0,1,0,1,0,0
"WPSA.L.82.30",21174,"Shea Backus",82,1,"D",1,"Rep","HD-037",25,6,7.32,6,0,1,0,1,0,0
"WPSA.L.80.60",21175,"Bea Duran",80,1,"D",1,"Rep","HD-011",1,0,NA,NA,0,1,0,1,0,0
"WPSA.L.81.40",21175,"Bea Duran",81,1,"D",1,"Rep","HD-011",50,7,8.26,7,0,1,0,1,0,0
"WPSA.L.82.31",21175,"Bea Duran",82,1,"D",1,"Rep","HD-011",40,7,9.175,7,0,1,0,1,0,0
"WPSA.L.80.61",21176,"Michelle Gorelow",80,1,"D",1,"Rep","HD-035",1,0,NA,NA,0,1,0,1,0,0
"WPSA.L.81.41",21176,"Michelle Gorelow",81,1,"D",1,"Rep","HD-035",46,8,9.73913043478261,7,0,1,0,1,0,0
"WPSA.L.82.32",21176,"Michelle Gorelow",82,1,"D",1,"Rep","HD-035",47,10,8.19148936170213,7,0,1,0,1,0,0
"WPSA.L.80.62",21177,"Gregory Hafen",80,2,"R",1,"Rep","HD-036",1,0,NA,NA,1,0,0,0,0,0
"WPSA.L.81.42",21177,"Gregory Hafen",81,2,"R",1,"Rep","HD-036",49,10,7.42857142857143,5,1,0,0,0,1,0
"WPSA.L.82.33",21177,"Gregory Hafen",82,2,"R",1,"Rep","HD-036",39,10,7.35897435897436,5,1,0,0,0,0,0
"WPSA.L.80.63",21178,"Alexis Hansen",80,2,"R",1,"Rep","HD-032",1,0,NA,NA,1,0,0,1,0,0
"WPSA.L.81.43",21178,"Alexis Hansen",81,2,"R",1,"Rep","HD-032",44,9,9.06818181818182,7.5,1,0,0,1,0,0
"WPSA.L.82.34",21178,"Alexis Hansen",82,2,"R",1,"Rep","HD-032",40,5,7.75,6,1,0,0,1,0,0
"WPSA.L.80.64",21179,"Melissa Hardy",80,2,"R",1,"Rep","HD-022",1,0,NA,NA,1,0,0,1,0,0
"WPSA.L.81.44",21179,"Melissa Hardy",81,2,"R",1,"Rep","HD-022",52,8,8.34615384615385,6.5,1,0,0,1,0,0
"WPSA.L.82.35",21179,"Melissa Hardy",82,2,"R",1,"Rep","HD-022",31,9,8.74193548387097,7,1,0,0,1,0,0
"WPSA.L.80.65",21180,"Glen Leavitt",80,2,"R",1,"Rep","HD-023",1,0,NA,NA,1,0,0,0,0,0
"WPSA.L.81.45",21180,"Glen Leavitt",81,2,"R",1,"Rep","HD-023",56,10,9.03571428571429,7.5,1,0,0,0,1,1
"WPSA.L.80.66",21181,"Susan Martinez",80,1,"D",1,"Rep","HD-012",1,0,NA,NA,0,1,0,1,0,0
"WPSA.L.81.46",21181,"Susan Martinez",81,1,"D",1,"Rep","HD-012",46,7,11.804347826087,8,0,1,0,1,0,0
"WPSA.L.80.67",21182,"Connie Munk",80,1,"D",1,"Rep","HD-004",1,0,NA,NA,0,1,0,1,0,0
"WPSA.L.80.68",21183,"Sarah Peters",80,1,"D",1,"Rep","HD-024",1,0,NA,NA,0,1,0,1,0,0
"WPSA.L.81.47",21183,"Sarah Peters",81,1,"D",1,"Rep","HD-024",58,9,11.7758620689655,8,0,1,0,1,0,0
"WPSA.L.82.36",21183,"Sarah Peters",82,1,"D",1,"Rep","HD-024",60,9,12.1833333333333,9,0,1,0,1,1,0
"WPSA.L.80.69",21184,"Thomas Roberts",80,2,"R",1,"Rep","HD-013",1,0,NA,NA,1,0,0,0,1,0
"WPSA.L.81.48",21184,"Thomas Roberts",81,2,"R",1,"Rep","HD-013",65,8,10.7076923076923,8,1,0,0,0,1,0
"WPSA.L.82.37",21184,"Thomas Roberts",82,2,"R",1,"Rep","HD-013",1,0,2,2,1,0,0,0,0,0
"WPSA.L.80.70",21185,"Selena Torres",80,1,"D",1,"Rep","HD-003",1,0,NA,NA,0,1,0,1,0,0
"WPSA.L.81.49",21185,"Selena Torres",81,1,"D",1,"Rep","HD-003",72,10,11.625,7,0,1,0,1,0,0
"WPSA.L.82.38",21185,"Selena Torres",82,1,"D",1,"Rep","HD-003",60,10,10.4333333333333,5.5,0,1,0,1,1,0
"WPSA.L.80.71",21186,"Howard Watts",80,1,"D",1,"Rep","HD-015",1,0,NA,NA,0,1,0,0,0,0
"WPSA.L.81.50",21186,"Howard Watts",81,1,"D",1,"Rep","HD-015",58,10,11.8275862068966,4,0,1,0,0,0,0
"WPSA.L.82.39",21186,"Howard Watts",82,1,"D",1,"Rep","HD-015",66,12,11.8787878787879,8,0,1,0,0,1,1
"WPSA.L.80.72",21252,"Rochelle Nguyen",80,1,"D",1,"Rep","HD-010",1,0,NA,NA,0,1,0,1,0,0
"WPSA.L.81.51",21252,"Rochelle Nguyen",81,1,"D",1,"Rep","HD-010",61,10,10.1639344262295,5,0,1,0,1,0,0
"WPSA.L.82.40",21252,"Rochelle Nguyen",82,1,"D",2,"Sen","SD-003",90,12,9.1,8.5,0,1,0,1,0,0
"WPSA.L.80.73",21338,"Marcia Washington",80,1,"D",2,"Sen","SD-004",1,0,NA,NA,0,1,0,1,0,0
"WPSA.L.80.74",21354,"Greg Smith",80,1,"D",1,"Rep","HD-030",1,0,NA,NA,0,1,0,0,0,0
"WPSA.L.81.52",22753,"Carrie Buck",81,2,"R",2,"Sen","SD-005",63,11,5.95238095238095,4,1,0,0,1,0,0
"WPSA.L.82.41",22753,"Carrie Buck",82,2,"R",2,"Sen","SD-005",71,19,3.33802816901408,3,1,0,0,1,1,0
"WPSA.L.81.53",22754,"Roberta Lange",81,1,"D",2,"Sen","SD-007",41,13,7.02439024390244,3,0,1,0,1,0,0
"WPSA.L.82.42",22754,"Roberta Lange",82,1,"D",2,"Sen","SD-007",82,19,6.74390243902439,6,0,1,0,1,1,0
"WPSA.L.81.54",22756,"Cecelia Gonzalez",81,1,"D",1,"Rep","HD-016",63,6,8.68253968253968,6,0,1,0,1,0,0
"WPSA.L.82.43",22756,"Cecelia Gonzalez",82,1,"D",1,"Rep","HD-016",79,10,6.78481012658228,4,0,1,0,1,0,0
"WPSA.L.81.55",22757,"Natha Anderson",81,1,"D",1,"Rep","HD-030",59,6,5.50847457627119,4,0,1,0,1,0,0
"WPSA.L.82.44",22757,"Natha Anderson",82,1,"D",1,"Rep","HD-030",68,9,5,3,0,1,0,1,0,0
"WPSA.L.81.56",22758,"David Orentlicher",81,1,"D",1,"Rep","HD-020",41,5,16,13,0,1,0,0,0,0
"WPSA.L.82.45",22758,"David Orentlicher",82,1,"D",1,"Rep","HD-020",41,10,12.3414634146341,8,0,1,0,0,0,0
"WPSA.L.81.57",22768,"Andy Matthews",81,2,"R",1,"Rep","HD-037",45,6,11.8888888888889,11,1,0,0,0,0,0
"WPSA.L.82.46",22768,"Andy Matthews",82,2,"R",1,"Rep","HD-037",1,0,11,11,1,0,0,0,0,0
"WPSA.L.81.58",22769,"Heidi Kasama",81,2,"R",1,"Rep","HD-002",42,6,10.5,8,1,0,0,1,0,0
"WPSA.L.82.47",22769,"Heidi Kasama",82,2,"R",1,"Rep","HD-002",41,8,8.24390243902439,6,1,0,0,1,0,0
"WPSA.L.81.59",22797,"Annie Black",81,2,"R",1,"Rep","HD-019",24,6,7.25,5.5,1,0,0,1,0,0
"WPSA.L.81.60",22798,"Venicia Considine",81,1,"D",1,"Rep","HD-018",56,6,7.57142857142857,5.5,0,1,0,1,0,0
"WPSA.L.82.48",22798,"Venicia Considine",82,1,"D",1,"Rep","HD-018",49,7,7.75510204081633,5,0,1,0,1,0,0
"WPSA.L.81.61",22828,"Tracy Brown-May",81,1,"D",1,"Rep","HD-042",37,0,7.89189189189189,7,0,1,0,1,0,0
"WPSA.L.82.49",22828,"Tracy Brown-May",82,1,"D",1,"Rep","HD-042",46,9,6.28260869565217,4,0,1,0,1,0,0
"WPSA.L.81.62",22829,"Elaine Marzola",81,1,"D",1,"Rep","HD-021",48,3,12.5,9.5,0,1,0,1,0,0
"WPSA.L.82.50",22829,"Elaine Marzola",82,1,"D",1,"Rep","HD-021",32,6,8.6875,4.5,0,1,0,1,0,0
"WPSA.L.81.63",22830,"Cameron Miller",81,1,"D",1,"Rep","HD-007",46,6,11.1521739130435,7.5,0,1,0,0,0,0
"WPSA.L.82.51",22830,"Cameron Miller",82,1,"D",1,"Rep","HD-007",45,7,10.5111111111111,7,0,1,0,0,1,0
"WPSA.L.81.64",22831,"Shondra Summers-Armstrong",81,1,"D",1,"Rep","HD-006",44,5,15.0681818181818,10,0,1,0,1,0,0
"WPSA.L.82.52",22831,"Shondra Summers-Armstrong",82,1,"D",1,"Rep","HD-006",44,8,12.4545454545455,9,0,1,0,1,0,0
"WPSA.L.81.65",22832,"Clara Thomas",81,1,"D",1,"Rep","HD-017",62,5,14.8548387096774,11,0,1,0,1,0,0
"WPSA.L.82.53",22832,"Clara Thomas",82,1,"D",1,"Rep","HD-017",73,9,10.958904109589,8,0,1,0,1,0,0
"WPSA.L.81.66",22839,"Fabian Donate",81,1,"D",2,"Sen","SD-010",51,3,7.52941176470588,5,0,1,0,0,0,0
"WPSA.L.82.54",22839,"Fabian Donate",82,1,"D",2,"Sen","SD-010",104,12,5.04807692307692,3,0,1,0,0,1,1
"WPSA.L.82.55",24694,"Rich DeLong",82,2,"R",1,"Rep","HD-026",30,4,6.46666666666667,6,1,0,0,0,1,1
"WPSA.L.82.56",24695,"Reuben D'Silva",82,1,"D",1,"Rep","HD-028",68,6,8.11764705882353,6,0,1,0,0,0,0
"WPSA.L.82.57",24696,"Danielle Gallant",82,2,"R",1,"Rep","HD-023",42,5,6.83333333333333,6,1,0,0,1,1,0
"WPSA.L.82.58",24697,"Ken Gray",82,2,"R",1,"Rep","HD-039",44,6,5.45454545454545,3,1,0,0,0,0,0
"WPSA.L.82.59",24698,"Bert Gurr",82,2,"R",1,"Rep","HD-033",45,5,7.93333333333333,6,1,0,0,0,0,0
"WPSA.L.82.60",24699,"Brian Hibbetts",82,2,"R",1,"Rep","HD-013",34,6,9.29411764705882,7.5,1,0,0,0,0,0
"WPSA.L.82.61",24700,"Gregory Koenig",82,2,"R",1,"Rep","HD-038",39,3,11.8974358974359,11,1,0,0,0,0,0
"WPSA.L.82.62",24701,"Selena La Rue Hatch",82,1,"D",1,"Rep","HD-025",41,6,9.92682926829268,8,0,1,0,1,0,0
"WPSA.L.82.63",24702,"Erica Mosca",82,1,"D",1,"Rep","HD-014",35,6,14.4,13,0,1,0,1,0,0
"WPSA.L.82.64",24703,"Duy Nguyen",82,1,"D",1,"Rep","HD-008",56,6,11.7857142857143,9,0,1,0,0,0,0
"WPSA.L.82.65",24704,"Jeff Stone",82,2,"R",2,"Sen","SD-020",98,12,6.59183673469388,4,1,0,0,0,1,1
"WPSA.L.82.66",24705,"Thaddeus Yurek",82,2,"R",1,"Rep","HD-019",37,5,10.7297297297297,6,1,0,0,0,0,0
"WPSA.L.82.67",24823,"Max Carter",82,1,"D",1,"Rep","HD-012",46,5,8.45652173913044,6,0,1,0,0,0,0
"WPSA.L.82.68",24824,"Julie Pazina",82,1,"D",2,"Sen","SD-012",83,9,9.49397590361446,9,0,1,0,1,0,0
"WPSA.L.82.69",24825,"Angie Taylor",82,1,"D",1,"Rep","HD-027",55,5,15.0545454545455,14,0,1,0,1,0,0
"WPSA.L.82.70",24874,"Sabra Newby",82,1,"D",1,"Rep","HD-010",33,2,16.3939393939394,14,0,1,0,1,0,0
